Parameter,Estimate,Est. Error,lower,upper,95% CI,sim_id
Intercept,-0.3001369,0.5515612,-1.3517396,0.8069184,"[-1.3517396, 0.8069184]",7
z_age_days,0.0028008,0.0022688,-0.0015641,0.0072865,"[-0.0015641, 0.0072865]",7
Intercept,0.8273593,0.5802105,-0.2584558,2.01755,"[-0.2584558, 2.01755]",1
z_age_days,-0.00165,0.0024049,-0.0063726,0.0030379,"[-0.0063726, 0.0030379]",1
Intercept,0.6214944,0.5329721,-0.4039756,1.690594,"[-0.4039756, 1.690594]",22
z_age_days,-9.879e-4,0.0022255,-0.0052953,0.0034935,"[-0.0052953, 0.0034935]",22
Intercept,0.7335784,0.5595017,-0.3450636,1.8452662,"[-0.3450636, 1.8452662]",13
z_age_days,-0.0012766,0.002267,-0.0056231,0.0032357,"[-0.0056231, 0.0032357]",13
Intercept,0.9380087,0.5718045,-0.1890286,2.0445174,"[-0.1890286, 2.0445174]",19
z_age_days,-0.0022276,0.002366,-0.0067253,0.0025725,"[-0.0067253, 0.0025725]",19
Intercept,0.4440736,0.5949972,-0.6741025,1.6753544,"[-0.6741025, 1.6753544]",4
z_age_days,1.32e-5,0.0024359,-0.0048605,0.0047573,"[-0.0048605, 0.0047573]",4
Intercept,0.3311601,0.565146,-0.7471627,1.4698402,"[-0.7471627, 1.4698402]",10
z_age_days,3.048e-4,0.0022865,-0.0042606,0.0046799,"[-0.0042606, 0.0046799]",10
Intercept,-0.1501477,0.5426418,-1.2115132,0.9038318,"[-1.2115132, 0.9038318]",16
z_age_days,0.0021474,0.0022241,-0.0022093,0.0064851,"[-0.0022093, 0.0064851]",16
Intercept,-0.155127,0.5716584,-1.2664108,0.9636478,"[-1.2664108, 0.9636478]",8
z_age_days,0.0022319,0.002363,-0.0023975,0.0068923,"[-0.0023975, 0.0068923]",8
Intercept,0.1072939,0.5230053,-0.8979271,1.1557287,"[-0.8979271, 1.1557287]",23
z_age_days,0.0011844,0.002143,-0.0028992,0.0055279,"[-0.0028992, 0.0055279]",23
Intercept,1.019736,0.5207866,0.0257009,2.0599951,"[0.0257009, 2.0599951]",20
z_age_days,-0.0026709,0.0021637,-0.0069479,0.001508,"[-0.0069479, 0.001508]",20
Intercept,-0.2573168,0.5605464,-1.3808097,0.8309984,"[-1.3808097, 0.8309984]",11
z_age_days,0.0028238,0.0023085,-0.0016438,0.0074635,"[-0.0016438, 0.0074635]",11
Intercept,0.137843,0.5678537,-1.0021064,1.2069738,"[-1.0021064, 1.2069738]",14
z_age_days,0.0010532,0.0023404,-0.0033485,0.0057654,"[-0.0033485, 0.0057654]",14
Intercept,-0.1161527,0.6104378,-1.3262488,1.083329,"[-1.3262488, 1.083329]",2
z_age_days,0.0019825,0.0025177,-0.0028809,0.0070299,"[-0.0028809, 0.0070299]",2
Intercept,0.1780865,0.6043635,-1.016337,1.3595474,"[-1.016337, 1.3595474]",5
z_age_days,8.485e-4,0.002491,-0.0039942,0.0057914,"[-0.0039942, 0.0057914]",5
Intercept,0.8601085,0.5321669,-0.2093098,1.8631056,"[-0.2093098, 1.8631056]",17
z_age_days,-0.0020034,0.0021721,-0.0062411,0.0021957,"[-0.0062411, 0.0021957]",17
Intercept,0.5888752,0.58091,-0.5187962,1.7480153,"[-0.5187962, 1.7480153]",9
z_age_days,-6.259e-4,0.0024155,-0.0051988,0.0042501,"[-0.0051988, 0.0042501]",9
Intercept,0.4971182,0.5467822,-0.6077386,1.5340198,"[-0.6077386, 1.5340198]",21
z_age_days,-5.1e-4,0.0022737,-0.0049944,0.0039182,"[-0.0049944, 0.0039182]",21
Intercept,-0.4647469,0.5665417,-1.6115065,0.5939524,"[-1.6115065, 0.5939524]",12
z_age_days,0.0036975,0.0023252,-7.249e-4,0.0083766,"[-0.0007249, 0.0083766]",12
Intercept,0.6009954,0.5235679,-0.4054435,1.6438404,"[-0.4054435, 1.6438404]",3
z_age_days,-0.0010161,0.0021671,-0.0051889,0.0033125,"[-0.0051889, 0.0033125]",3
Intercept,0.8373627,0.6398851,-0.4050577,2.133715,"[-0.4050577, 2.133715]",24
z_age_days,-0.0016713,0.0026331,-0.0067974,0.0036493,"[-0.0067974, 0.0036493]",24
Intercept,0.8927409,0.5776378,-0.2742293,1.9859226,"[-0.2742293, 1.9859226]",6
z_age_days,-0.0020447,0.0023792,-0.0067008,0.0025809,"[-0.0067008, 0.0025809]",6
Intercept,1.0660752,0.5848535,-0.0645556,2.2186907,"[-0.0645556, 2.2186907]",15
z_age_days,-0.0027654,0.0023996,-0.0073707,0.0019801,"[-0.0073707, 0.0019801]",15
Intercept,-0.068627,0.6152168,-1.2984456,1.1389337,"[-1.2984456, 1.1389337]",18
z_age_days,0.0019032,0.0025214,-0.0030679,0.0068552,"[-0.0030679, 0.0068552]",18
Intercept,0.714777,0.5497797,-0.336096,1.8320648,"[-0.336096, 1.8320648]",157
z_age_days,-0.0012289,0.0022333,-0.0056059,0.0031815,"[-0.0056059, 0.0031815]",157
Intercept,0.6990691,0.5341713,-0.331575,1.7542798,"[-0.331575, 1.7542798]",25
z_age_days,-0.0011181,0.0022052,-0.0054714,0.0031148,"[-0.0054714, 0.0031148]",25
Intercept,0.2908227,0.5753904,-0.8122178,1.4441343,"[-0.8122178, 1.4441343]",135
z_age_days,4.051e-4,0.0023598,-0.0041876,0.0051358,"[-0.0041876, 0.0051358]",135
Intercept,0.7339617,0.5331991,-0.3199377,1.7643922,"[-0.3199377, 1.7643922]",91
z_age_days,-0.0014075,0.0021855,-0.0057761,0.0027547,"[-0.0057761, 0.0027547]",91
Intercept,0.6856668,0.5738389,-0.4192144,1.8197082,"[-0.4192144, 1.8197082]",69
z_age_days,-0.0011567,0.002332,-0.0058073,0.003342,"[-0.0058073, 0.003342]",69
Intercept,0.0831523,0.5945446,-1.0868141,1.2664723,"[-1.0868141, 1.2664723]",47
z_age_days,0.0014016,0.0024201,-0.0032527,0.0062909,"[-0.0032527, 0.0062909]",47
Intercept,-0.4559754,0.6251394,-1.706442,0.7433254,"[-1.706442, 0.7433254]",179
z_age_days,0.0036242,0.0025705,-0.001431,0.0086139,"[-0.001431, 0.0086139]",179
Intercept,-0.2626618,0.6329433,-1.53543,0.9551566,"[-1.53543, 0.9551566]",113
z_age_days,0.0028974,0.0026011,-0.0021067,0.008133,"[-0.0021067, 0.008133]",113
Intercept,0.1194659,0.5571639,-0.9990748,1.1912497,"[-0.9990748, 1.1912497]",26
z_age_days,0.001112,0.0023634,-0.0034797,0.0058165,"[-0.0034797, 0.0058165]",26
Intercept,0.1599373,0.5573954,-0.9302931,1.2480183,"[-0.9302931, 1.2480183]",158
z_age_days,7.966e-4,0.0023214,-0.0035609,0.0055028,"[-0.0035609, 0.0055028]",158
Intercept,-0.2022584,0.5679439,-1.3049344,0.932171,"[-1.3049344, 0.932171]",92
z_age_days,0.0026095,0.0023397,-0.0019265,0.0072788,"[-0.0019265, 0.0072788]",92
Intercept,0.0295654,0.5377036,-1.0343791,1.0710503,"[-1.0343791, 1.0710503]",136
z_age_days,0.0014883,0.0022519,-0.0028422,0.0059755,"[-0.0028422, 0.0059755]",136
Intercept,0.1684685,0.5628689,-0.9473302,1.2462023,"[-0.9473302, 1.2462023]",48
z_age_days,8.633e-4,0.0022837,-0.003505,0.005409,"[-0.003505, 0.005409]",48
Intercept,0.9292007,0.559326,-0.17611,2.0189514,"[-0.17611, 2.0189514]",180
z_age_days,-0.0022803,0.0023225,-0.0067527,0.0023327,"[-0.0067527, 0.0023327]",180
Intercept,0.4291636,0.5824432,-0.7139605,1.5525527,"[-0.7139605, 1.5525527]",70
z_age_days,3.8e-5,0.0023916,-0.0046691,0.0046648,"[-0.0046691, 0.0046648]",70
Intercept,0.1918595,0.5448009,-0.8733345,1.2534541,"[-0.8733345, 1.2534541]",114
z_age_days,7.797e-4,0.0023015,-0.0036093,0.0054513,"[-0.0036093, 0.0054513]",114
Intercept,0.6015244,0.5221937,-0.4319813,1.5994908,"[-0.4319813, 1.5994908]",27
z_age_days,-9.689e-4,0.0021465,-0.0052627,0.0030918,"[-0.0052627, 0.0030918]",27
Intercept,0.2800979,0.5469249,-0.7876237,1.3371183,"[-0.7876237, 1.3371183]",93
z_age_days,6.293e-4,0.0022393,-0.0038185,0.0048993,"[-0.0038185, 0.0048993]",93
Intercept,0.9974058,0.5115756,-0.0228881,1.9814825,"[-0.0228881, 1.9814825]",181
z_age_days,-0.0023928,0.0020985,-0.0064684,0.0017256,"[-0.0064684, 0.0017256]",181
Intercept,0.3464443,0.5854571,-0.8003564,1.4997059,"[-0.8003564, 1.4997059]",159
z_age_days,2.124e-4,0.0024182,-0.0046684,0.0048306,"[-0.0046684, 0.0048306]",159
Intercept,0.0807143,0.5269639,-0.9482384,1.0954302,"[-0.9482384, 1.0954302]",71
z_age_days,0.0012773,0.0021782,-0.0029422,0.0055215,"[-0.0029422, 0.0055215]",71
Intercept,0.0586297,0.5618163,-1.0659526,1.1487482,"[-1.0659526, 1.1487482]",49
z_age_days,0.0014668,0.0023188,-0.0030923,0.0059862,"[-0.0030923, 0.0059862]",49
Intercept,-0.0489031,0.5744499,-1.1840693,1.055075,"[-1.1840693, 1.055075]",115
z_age_days,0.0017682,0.0023521,-0.0028919,0.0063041,"[-0.0028919, 0.0063041]",115
Intercept,0.7338938,0.6081059,-0.4991854,1.9153203,"[-0.4991854, 1.9153203]",137
z_age_days,-0.001236,0.0025333,-0.0062107,0.0038429,"[-0.0062107, 0.0038429]",137
Intercept,0.0764737,0.5569487,-1.0412581,1.1757766,"[-1.0412581, 1.1757766]",28
z_age_days,0.0013244,0.0022833,-0.0032361,0.0057946,"[-0.0032361, 0.0057946]",28
Intercept,-0.1195663,0.5939351,-1.2776336,1.059157,"[-1.2776336, 1.059157]",94
z_age_days,0.0024428,0.0024795,-0.0024549,0.0072738,"[-0.0024549, 0.0072738]",94
Intercept,1.0123809,0.5408419,-0.0153809,2.101174,"[-0.0153809, 2.101174]",160
z_age_days,-0.0025044,0.0022461,-0.0069184,0.0018381,"[-0.0069184, 0.0018381]",160
Intercept,-0.0248928,0.5585433,-1.1806348,1.0019997,"[-1.1806348, 1.0019997]",72
z_age_days,0.0019218,0.0022857,-0.0025066,0.0063735,"[-0.0025066, 0.0063735]",72
Intercept,-0.2333263,0.5646254,-1.3745919,0.8471427,"[-1.3745919, 0.8471427]",182
z_age_days,0.0026333,0.0023344,-0.0017379,0.0074282,"[-0.0017379, 0.0074282]",182
Intercept,-0.245847,0.5443666,-1.3065633,0.8428865,"[-1.3065633, 0.8428865]",138
z_age_days,0.0025877,0.0022365,-0.001981,0.0069057,"[-0.001981, 0.0069057]",138
Intercept,-0.3407025,0.5689182,-1.4703144,0.774235,"[-1.4703144, 0.774235]",116
z_age_days,0.0029202,0.0023275,-0.0016603,0.0074906,"[-0.0016603, 0.0074906]",116
Intercept,-0.6082801,0.5855139,-1.7322368,0.5577205,"[-1.7322368, 0.5577205]",50
z_age_days,0.004126,0.0024107,-5.944e-4,0.0088367,"[-0.0005944, 0.0088367]",50
Intercept,-0.3288566,0.5948637,-1.5317376,0.8061806,"[-1.5317376, 0.8061806]",161
z_age_days,0.003014,0.0024227,-0.0017424,0.0077858,"[-0.0017424, 0.0077858]",161
Intercept,0.082579,0.6418077,-1.1948788,1.3245516,"[-1.1948788, 1.3245516]",29
z_age_days,0.0013369,0.0026419,-0.003699,0.0066857,"[-0.003699, 0.0066857]",29
Intercept,-0.1246075,0.5416303,-1.1948161,0.9313564,"[-1.1948161, 0.9313564]",73
z_age_days,0.0020238,0.0022339,-0.0024068,0.0063675,"[-0.0024068, 0.0063675]",73
Intercept,0.4030234,0.5504574,-0.6511542,1.4918662,"[-0.6511542, 1.4918662]",95
z_age_days,-2.664e-4,0.0022642,-0.004837,0.0040613,"[-0.004837, 0.0040613]",95
Intercept,0.4866827,0.5363774,-0.5843888,1.5349631,"[-0.5843888, 1.5349631]",139
z_age_days,-4.936e-4,0.0022572,-0.0050438,0.003877,"[-0.0050438, 0.003877]",139
Intercept,0.3298678,0.5341853,-0.6897722,1.414363,"[-0.6897722, 1.414363]",183
z_age_days,1.96e-4,0.0022388,-0.0042359,0.00454,"[-0.0042359, 0.00454]",183
Intercept,-0.3496829,0.5347069,-1.3647573,0.7113329,"[-1.3647573, 0.7113329]",117
z_age_days,0.0032979,0.0022313,-0.0010206,0.0076303,"[-0.0010206, 0.0076303]",117
Intercept,-0.7100138,0.557569,-1.7912453,0.3959511,"[-1.7912453, 0.3959511]",51
z_age_days,0.0046778,0.0023149,2.649e-4,0.009328,"[0.0002649, 0.009328]",51
Intercept,-0.3252402,0.5277915,-1.340444,0.7260091,"[-1.340444, 0.7260091]",162
z_age_days,0.0028324,0.0021683,-0.0013283,0.0071566,"[-0.0013283, 0.0071566]",162
Intercept,0.0666443,0.5397989,-0.9812231,1.1261157,"[-0.9812231, 1.1261157]",96
z_age_days,0.0011709,0.0022318,-0.0031841,0.0055611,"[-0.0031841, 0.0055611]",96
Intercept,0.6920137,0.5693374,-0.4171917,1.7989411,"[-0.4171917, 1.7989411]",140
z_age_days,-0.0012747,0.0023528,-0.0058222,0.0032863,"[-0.0058222, 0.0032863]",140
Intercept,1.6592012,0.5533943,0.5555815,2.7110149,"[0.5555815, 2.7110149]",74
z_age_days,-0.0050962,0.0022875,-0.0095659,-6.018e-4,"[-0.0095659, -0.0006018]",74
Intercept,0.5527152,0.5722961,-0.5673591,1.6647372,"[-0.5673591, 1.6647372]",184
z_age_days,-5.869e-4,0.0023138,-0.0048748,0.0042159,"[-0.0048748, 0.0042159]",184
Intercept,0.6837582,0.6377024,-0.5443475,1.9587258,"[-0.5443475, 1.9587258]",30
z_age_days,-0.001149,0.002637,-0.0064356,0.0039146,"[-0.0064356, 0.0039146]",30
Intercept,0.3201199,0.5729614,-0.8190842,1.4371836,"[-0.8190842, 1.4371836]",52
z_age_days,3.084e-4,0.0023293,-0.0043692,0.0048055,"[-0.0043692, 0.0048055]",52
Intercept,0.5204544,0.7160717,-0.8917962,1.9306734,"[-0.8917962, 1.9306734]",118
z_age_days,-5.028e-4,0.0028788,-0.0062524,0.0051447,"[-0.0062524, 0.0051447]",118
Intercept,0.2778823,0.5347891,-0.7301931,1.3564473,"[-0.7301931, 1.3564473]",75
z_age_days,4.832e-4,0.0021655,-0.0037614,0.0047078,"[-0.0037614, 0.0047078]",75
Intercept,1.0816301,0.5953374,-0.0538098,2.2767447,"[-0.0538098, 2.2767447]",163
z_age_days,-0.0027149,0.0024989,-0.0077723,0.002039,"[-0.0077723, 0.002039]",163
Intercept,0.03105,0.5803678,-1.1128758,1.1488631,"[-1.1128758, 1.1488631]",141
z_age_days,0.0013979,0.002365,-0.003168,0.0060872,"[-0.003168, 0.0060872]",141
Intercept,-0.4145801,0.5473321,-1.466373,0.6810506,"[-1.466373, 0.6810506]",31
z_age_days,0.0032522,0.0022962,-0.0011242,0.0078977,"[-0.0011242, 0.0078977]",31
Intercept,0.5333987,0.5206677,-0.4742133,1.5583163,"[-0.4742133, 1.5583163]",53
z_age_days,-6.778e-4,0.0021366,-0.0047905,0.0035566,"[-0.0047905, 0.0035566]",53
Intercept,0.584258,0.6361803,-0.6977331,1.8067916,"[-0.6977331, 1.8067916]",97
z_age_days,-7.215e-4,0.0026651,-0.0059689,0.0045818,"[-0.0059689, 0.0045818]",97
Intercept,0.4569741,0.5555473,-0.6211126,1.5560912,"[-0.6211126, 1.5560912]",185
z_age_days,-2.817e-4,0.0022688,-0.0046966,0.0041845,"[-0.0046966, 0.0041845]",185
Intercept,0.4830838,0.5461393,-0.5737899,1.5799181,"[-0.5737899, 1.5799181]",119
z_age_days,-3.438e-4,0.0022594,-0.0048377,0.0040625,"[-0.0048377, 0.0040625]",119
Intercept,-0.5211342,0.5842909,-1.6916811,0.6025329,"[-1.6916811, 0.6025329]",76
z_age_days,0.0037911,0.0024085,-9.595e-4,0.0084926,"[-0.0009595, 0.0084926]",76
Intercept,-0.1165461,0.5258207,-1.1612753,0.8909533,"[-1.1612753, 0.8909533]",142
z_age_days,0.00196,0.0021492,-0.0021307,0.0062412,"[-0.0021307, 0.0062412]",142
Intercept,0.3860143,0.5836028,-0.7281448,1.5664747,"[-0.7281448, 1.5664747]",164
z_age_days,-3.16e-5,0.0023635,-0.0047423,0.0045721,"[-0.0047423, 0.0045721]",164
Intercept,0.8594398,0.5378618,-0.1840915,1.9103783,"[-0.1840915, 1.9103783]",54
z_age_days,-0.0020286,0.0022126,-0.0063905,0.0022706,"[-0.0063905, 0.0022706]",54
Intercept,-0.7241598,0.5582409,-1.7844184,0.3855996,"[-1.7844184, 0.3855996]",32
z_age_days,0.0045592,0.0023007,1.912e-4,0.0091595,"[0.0001912, 0.0091595]",32
Intercept,0.2189196,0.5791449,-0.9059283,1.3626863,"[-0.9059283, 1.3626863]",186
z_age_days,8.168e-4,0.0023563,-0.0037772,0.0054228,"[-0.0037772, 0.0054228]",186
Intercept,0.6484343,0.5687354,-0.439589,1.7917736,"[-0.439589, 1.7917736]",98
z_age_days,-0.0010967,0.0023274,-0.0056283,0.0035576,"[-0.0056283, 0.0035576]",98
Intercept,1.2708944,0.5324489,0.2030006,2.2896447,"[0.2030006, 2.2896447]",120
z_age_days,-0.0035773,0.0021661,-0.0077011,7.457e-4,"[-0.0077011, 0.0007457]",120
Intercept,0.1147798,0.5637733,-0.9348721,1.2714611,"[-0.9348721, 1.2714611]",77
z_age_days,0.0010889,0.0023365,-0.0035433,0.0055905,"[-0.0035433, 0.0055905]",77
Intercept,0.6342911,0.5409305,-0.4393611,1.6608095,"[-0.4393611, 1.6608095]",143
z_age_days,-0.0010216,0.0022235000000000002,-0.0052341,0.0034061,"[-0.0052341, 0.0034061]",143
Intercept,0.5135611,0.5406792,-0.5276693,1.5983917,"[-0.5276693, 1.5983917]",165
z_age_days,-4.012e-4,0.0021697,-0.0047264,0.0038234,"[-0.0047264, 0.0038234]",165
Intercept,0.1534792,0.5971006,-0.9846011,1.3522257,"[-0.9846011, 1.3522257]",55
z_age_days,0.0011505,0.0024101,-0.0038697,0.0056076,"[-0.0038697, 0.0056076]",55
Intercept,0.3505647,0.5281813,-0.6485129,1.4171805,"[-0.6485129, 1.4171805]",33
z_age_days,1.791e-4,0.0021847,-0.0041289,0.0044403,"[-0.0041289, 0.0044403]",33
Intercept,0.7328044,0.5522072,-0.3400251,1.819243,"[-0.3400251, 1.819243]",99
z_age_days,-0.0013237,0.0022716,-0.0057596,0.003124,"[-0.0057596, 0.003124]",99
Intercept,0.3063376,0.5496229,-0.7489836,1.4063128,"[-0.7489836, 1.4063128]",187
z_age_days,3.341e-4,0.0023311,-0.0043029,0.0047964,"[-0.0043029, 0.0047964]",187
Intercept,0.9013944,0.5133987,-0.1073399,1.9076493,"[-0.1073399, 1.9076493]",78
z_age_days,-0.0020945,0.002115,-0.0062163,0.0021142,"[-0.0062163, 0.0021142]",78
Intercept,0.1954665,0.5249934,-0.8244555,1.2310867,"[-0.8244555, 1.2310867]",144
z_age_days,7.404e-4,0.0021724,-0.0035201,0.0049294,"[-0.0035201, 0.0049294]",144
Intercept,-0.4271906,0.553794,-1.5238697,0.6369378,"[-1.5238697, 0.6369378]",121
z_age_days,0.0033114,0.0022815,-0.0010648,0.0078219,"[-0.0010648, 0.0078219]",121
Intercept,0.8489117,0.5726409,-0.2844506,1.9642813,"[-0.2844506, 1.9642813]",166
z_age_days,-0.001903,0.0024067,-0.0065762,0.0028609,"[-0.0065762, 0.0028609]",166
Intercept,0.1186,0.5257784,-0.9063797,1.1508632,"[-0.9063797, 1.1508632]",56
z_age_days,9.731e-4,0.0022048,-0.0032119,0.0054043,"[-0.0032119, 0.0054043]",56
Intercept,-0.3472212,0.5683644,-1.440923,0.7908651,"[-1.440923, 0.7908651]",34
z_age_days,0.0029896,0.0023161,-0.0015608,0.0075248,"[-0.0015608, 0.0075248]",34
Intercept,0.4121753,0.5411253,-0.6732361,1.4647591,"[-0.6732361, 1.4647591]",100
z_age_days,1.566e-4,0.0021997,-0.0042325,0.0044466,"[-0.0042325, 0.0044466]",100
Intercept,-0.8265245,0.5666514,-1.9094611,0.2891804,"[-1.9094611, 0.2891804]",188
z_age_days,0.0051668,0.0023328,6.053e-4,0.0096548,"[0.0006053, 0.0096548]",188
Intercept,1.0553805,0.5378027,0.0174617,2.1014956,"[0.0174617, 2.1014956]",79
z_age_days,-0.0025116,0.0022409,-0.0068363,0.0018248,"[-0.0068363, 0.0018248]",79
Intercept,-0.745864,0.5601107,-1.8007386,0.3945089,"[-1.8007386, 0.3945089]",145
z_age_days,0.0046076,0.0023384,8.41e-5,0.0092036,"[8.41e-05, 0.0092036]",145
Intercept,-0.467985,0.633424,-1.7259368,0.7413444,"[-1.7259368, 0.7413444]",122
z_age_days,0.0036121,0.0026268,-0.0012668,0.0089421,"[-0.0012668, 0.0089421]",122
Intercept,0.2161841,0.534765,-0.842846,1.2459353,"[-0.842846, 1.2459353]",57
z_age_days,7.998e-4,0.0021908,-0.0035991,0.0049585,"[-0.0035991, 0.0049585]",57
Intercept,0.2388288,0.5508666,-0.8069421,1.3445019,"[-0.8069421, 1.3445019]",167
z_age_days,7.263e-4,0.0022354,-0.0035803,0.005131,"[-0.0035803, 0.005131]",167
Intercept,-0.4619963,0.5474986,-1.5213781,0.6267457,"[-1.5213781, 0.6267457]",35
z_age_days,0.0035584,0.0022431,-9.212e-4,0.0078814,"[-0.0009212, 0.0078814]",35
Intercept,0.4497838,0.5531383,-0.6324508,1.5422263,"[-0.6324508, 1.5422263]",189
z_age_days,-1.922e-4,0.0022901,-0.0047117,0.0042296,"[-0.0047117, 0.0042296]",189
Intercept,-0.6552692,0.5854124,-1.7896417,0.5006044,"[-1.7896417, 0.5006044]",101
z_age_days,0.0045434,0.0024593,-2.121e-4,0.0093795,"[-0.0002121, 0.0093795]",101
Intercept,-0.6673362,0.5635505,-1.7809305,0.4203917,"[-1.7809305, 0.4203917]",80
z_age_days,0.0042936,0.0023102,-7.01e-5,0.0089636,"[-7.01e-05, 0.0089636]",80
Intercept,1.2054442,0.5319856,0.1780853,2.2487093,"[0.1780853, 2.2487093]",123
z_age_days,-0.0034145,0.0021696,-0.0077045,7.837e-4,"[-0.0077045, 0.0007837]",123
Intercept,1.0533341,0.606763,-0.1240102,2.2501769,"[-0.1240102, 2.2501769]",146
z_age_days,-0.0025332,0.0025009,-0.00761,0.0021444,"[-0.00761, 0.0021444]",146
Intercept,1.0268397,0.5422831,-0.0174248,2.0932903,"[-0.0174248, 2.0932903]",168
z_age_days,-0.0027559,0.0022411,-0.0071366,0.0016358,"[-0.0071366, 0.0016358]",168
Intercept,0.3164123,0.5667651,-0.7551679,1.4741492,"[-0.7551679, 1.4741492]",58
z_age_days,3.629e-4,0.0023289,-0.0042609,0.0048678,"[-0.0042609, 0.0048678]",58
Intercept,0.1535675,0.5748107,-0.9794561,1.2580303,"[-0.9794561, 1.2580303]",36
z_age_days,9.29e-4,0.0023721,-0.0035428,0.0057311,"[-0.0035428, 0.0057311]",36
Intercept,-1.1916964,0.5748665,-2.307014,-0.0494315,"[-2.307014, -0.0494315]",102
z_age_days,0.0065599,0.0023586,0.0019654,0.0111604,"[0.0019654, 0.0111604]",102
Intercept,0.5475447,0.5480912,-0.5641495,1.5864555,"[-0.5641495, 1.5864555]",81
z_age_days,-5.84e-4,0.0022465,-0.0050435,0.0038187,"[-0.0050435, 0.0038187]",81
Intercept,0.0130273,0.639957,-1.197967,1.3209849,"[-1.197967, 1.3209849]",190
z_age_days,0.0016452,0.0026078,-0.0034935,0.0067178,"[-0.0034935, 0.0067178]",190
Intercept,-0.1887689,0.581969,-1.317805,0.9657953,"[-1.317805, 0.9657953]",147
z_age_days,0.0024771,0.0024323,-0.0022018,0.0073767,"[-0.0022018, 0.0073767]",147
Intercept,0.6920266,0.5781489,-0.4668762,1.8180236,"[-0.4668762, 1.8180236]",124
z_age_days,-0.0011853,0.0024154,-0.0059001,0.0036541,"[-0.0059001, 0.0036541]",124
Intercept,-0.6926957,0.5562576,-1.7746584,0.3979232,"[-1.7746584, 0.3979232]",169
z_age_days,0.0045937,0.0023127,2.769e-4,0.0093648,"[0.0002769, 0.0093648]",169
Intercept,0.4365891,0.5359867,-0.6326928,1.4751867,"[-0.6326928, 1.4751867]",59
z_age_days,-7e-5,0.0022102,-0.0042708,0.0044041,"[-0.0042708, 0.0044041]",59
Intercept,0.3154316,0.5972583,-0.8400636,1.5155609,"[-0.8400636, 1.5155609]",37
z_age_days,4.337e-4,0.0024897,-0.0042616,0.0054917,"[-0.0042616, 0.0054917]",37
Intercept,1.9633044,0.578449,0.7958438,3.0693567,"[0.7958438, 3.0693567]",103
z_age_days,-0.0063837,0.0023742,-0.0110017,-0.0016945,"[-0.0110017, -0.0016945]",103
Intercept,1.0089002,0.5490923,-0.0308741,2.1309353,"[-0.0308741, 2.1309353]",82
z_age_days,-0.002487,0.0022806,-0.0070735,0.0018754,"[-0.0070735, 0.0018754]",82
Intercept,-0.5205773,0.5921253,-1.6862399,0.6423172,"[-1.6862399, 0.6423172]",191
z_age_days,0.003765,0.0024516,-0.0011889,0.0084336,"[-0.0011889, 0.0084336]",191
Intercept,1.730854,0.6219612,0.5372007,2.9498729,"[0.5372007, 2.9498729]",148
z_age_days,-0.0052666,0.0025243,-0.0101772,-3.47e-4,"[-0.0101772, -0.000347]",148
Intercept,0.4022228,0.5562596,-0.6764175,1.5027971,"[-0.6764175, 1.5027971]",170
z_age_days,-1.063e-4,0.0023099,-0.00459,0.0044734,"[-0.00459, 0.0044734]",170
Intercept,-0.3107478,0.5973956,-1.5101635,0.8555024,"[-1.5101635, 0.8555024]",125
z_age_days,0.0030926,0.0024833,-0.0019111,0.0078599,"[-0.0019111, 0.0078599]",125
Intercept,0.1588113,0.5758079,-0.9959534,1.2607732,"[-0.9959534, 1.2607732]",60
z_age_days,0.0011083,0.0023855,-0.0035584,0.0057529,"[-0.0035584, 0.0057529]",60
Intercept,-0.8447658,0.5777696,-1.9960303,0.2663342,"[-1.9960303, 0.2663342]",38
z_age_days,0.0050448,0.0023868,3.891e-4,0.0097497,"[0.0003891, 0.0097497]",38
Intercept,-0.1030592,0.5475603,-1.1650933,0.9679294,"[-1.1650933, 0.9679294]",104
z_age_days,0.0021762,0.0022458,-0.0021605,0.0065706,"[-0.0021605, 0.0065706]",104
Intercept,-0.5737415,0.5410694,-1.6396638,0.4986453,"[-1.6396638, 0.4986453]",83
z_age_days,0.0038384,0.0022461,-6.5e-4,0.0082039,"[-0.00065, 0.0082039]",83
Intercept,0.9101207,0.5607525,-0.1277359,2.0755347,"[-0.1277359, 2.0755347]",149
z_age_days,-0.0020911,0.0022587,-0.006708,0.0021445,"[-0.006708, 0.0021445]",149
Intercept,-0.3191002,0.530398,-1.3444037,0.7279385,"[-1.3444037, 0.7279385]",126
z_age_days,0.0028539,0.0021931,-0.0013286,0.007296,"[-0.0013286, 0.007296]",126
Intercept,-0.3580848,0.6503171,-1.6338642,0.9107295,"[-1.6338642, 0.9107295]",171
z_age_days,0.0031749,0.0027373,-0.0021132,0.0086082,"[-0.0021132, 0.0086082]",171
Intercept,0.5667474,0.5344507,-0.48348410000000003,1.615892,"[-0.4834841, 1.615892]",39
z_age_days,-7.576e-4,0.002206,-0.0051717,0.0035147,"[-0.0051717, 0.0035147]",39
Intercept,1.105824,0.5404738,0.0411424,2.1703694,"[0.0411424, 2.1703694]",84
z_age_days,-0.0029726,0.0021863,-0.0072935,0.0013149,"[-0.0072935, 0.0013149]",84
Intercept,0.763305,0.5456932,-0.3131871,1.825464,"[-0.3131871, 1.825464]",61
z_age_days,-0.0015099,0.0022434,-0.0058323,0.0030058,"[-0.0058323, 0.0030058]",61
Intercept,-0.08818,0.5380401,-1.1478603,0.9588502,"[-1.1478603, 0.9588502]",105
z_age_days,0.0019864,0.0022432,-0.0022875,0.0064745,"[-0.0022875, 0.0064745]",105
Intercept,-0.002496,0.8171141,-1.6960218,1.5843393,"[-1.6960218, 1.5843393]",192
z_age_days,0.0015784,0.0033757,-0.0049126,0.0086334,"[-0.0049126, 0.0086334]",192
Intercept,0.6616499,0.5443854,-0.4021338,1.740551,"[-0.4021338, 1.740551]",127
z_age_days,-0.0010506,0.0022271,-0.0053765,0.0033646,"[-0.0053765, 0.0033646]",127
Intercept,0.5862816,0.5847371,-0.5118517,1.777934,"[-0.5118517, 1.777934]",150
z_age_days,-5.63e-4,0.0023844,-0.0052506,0.0041031,"[-0.0052506, 0.0041031]",150
Intercept,0.2163924,0.5501793,-0.8728627,1.2794677,"[-0.8728627, 1.2794677]",172
z_age_days,5.719e-4,0.0021961,-0.0037584,0.004881,"[-0.0037584, 0.004881]",172
Intercept,0.6735762,0.5342729,-0.3825151,1.705048,"[-0.3825151, 1.705048]",40
z_age_days,-0.0012399,0.0022185,-0.0056265,0.0030217,"[-0.0056265, 0.0030217]",40
Intercept,0.6656163,0.5441373,-0.4094835,1.7334994,"[-0.4094835, 1.7334994]",106
z_age_days,-0.0011395,0.0022419,-0.0055066,0.0033414,"[-0.0055066, 0.0033414]",106
Intercept,0.1333061,0.5750043,-1.0023617,1.2802465,"[-1.0023617, 1.2802465]",62
z_age_days,9.768e-4,0.0023509,-0.0036757,0.0056129,"[-0.0036757, 0.0056129]",62
Intercept,-0.0670375,0.5934277,-1.2016381,1.1164737,"[-1.2016381, 1.1164737]",85
z_age_days,0.0019354,0.0024494,-0.0029567,0.0066397,"[-0.0029567, 0.0066397]",85
Intercept,0.4940735,0.5603387,-0.6333051,1.5638708,"[-0.6333051, 1.5638708]",128
z_age_days,-5.25e-4,0.0022994,-0.0050032,0.0040112,"[-0.0050032, 0.0040112]",128
Intercept,0.3800535,0.5304493,-0.6659947,1.409983,"[-0.6659947, 1.409983]",151
z_age_days,-7.8e-5,0.0021839,-0.0043299,0.0042764,"[-0.0043299, 0.0042764]",151
Intercept,0.9910932,0.6135034,-0.2500823,2.1479661,"[-0.2500823, 2.1479661]",193
z_age_days,-0.0024405,0.0025341,-0.0075052,0.0024534,"[-0.0075052, 0.0024534]",193
Intercept,0.148414,0.5159099,-0.8518161,1.1565978,"[-0.8518161, 1.1565978]",173
z_age_days,0.0010639,0.0021389,-0.0029216,0.0054105,"[-0.0029216, 0.0054105]",173
Intercept,0.1355865,0.5844222,-1.0155152,1.2731225,"[-1.0155152, 1.2731225]",41
z_age_days,0.0010251,0.0024144,-0.0035863,0.0059004,"[-0.0035863, 0.0059004]",41
Intercept,-0.1963428,0.5898755,-1.3948305,0.9102421,"[-1.3948305, 0.9102421]",107
z_age_days,0.0025706,0.0024353,-0.0021803,0.0073182,"[-0.0021803, 0.0073182]",107
Intercept,0.0385281,0.5676281,-1.0543393,1.1744935,"[-1.0543393, 1.1744935]",86
z_age_days,0.0015949,0.0023791,-0.0030225,0.0062987,"[-0.0030225, 0.0062987]",86
Intercept,-0.3347956,0.5921907,-1.5118165,0.8307438,"[-1.5118165, 0.8307438]",63
z_age_days,0.0030927,0.0024635,-0.001627,0.0081002,"[-0.001627, 0.0081002]",63
Intercept,-0.3825375,0.5424174,-1.4476316,0.6570959,"[-1.4476316, 0.6570959]",194
z_age_days,0.0030215,0.0022159,-0.0011914,0.0074207,"[-0.0011914, 0.0074207]",194
Intercept,0.2033646,0.56281,-0.9036746,1.2907085,"[-0.9036746, 1.2907085]",129
z_age_days,8.886e-4,0.0023501,-0.0036672,0.0055115,"[-0.0036672, 0.0055115]",129
Intercept,-0.1923196,0.6277971,-1.4198292,1.0471639,"[-1.4198292, 1.0471639]",152
z_age_days,0.0024034,0.0026054,-0.0027703,0.0074778,"[-0.0027703, 0.0074778]",152
Intercept,0.2262278,0.5427449,-0.8648289,1.2586058,"[-0.8648289, 1.2586058]",42
z_age_days,8.553e-4,0.0022308,-0.0033784,0.0053483,"[-0.0033784, 0.0053483]",42
Intercept,1.012292,0.5508988,-0.0380168,2.1230826,"[-0.0380168, 2.1230826]",174
z_age_days,-0.002254,0.0023114,-0.0068411,0.0022321,"[-0.0068411, 0.0022321]",174
Intercept,-0.0815213,0.5673935,-1.177288,1.0264947,"[-1.177288, 1.0264947]",108
z_age_days,0.0018727,0.002327,-0.0027004,0.0063725,"[-0.0027004, 0.0063725]",108
Intercept,-0.0381521,0.5403122,-1.1151559,1.0234026,"[-1.1151559, 1.0234026]",87
z_age_days,0.0017583,0.0022346,-0.0026765,0.0061755000000000004,"[-0.0026765, 0.0061755]",87
Intercept,0.4225739,0.5274788,-0.6440391,1.4371829,"[-0.6440391, 1.4371829]",64
z_age_days,-3.89e-5,0.0021716,-0.0042228,0.0043442,"[-0.0042228, 0.0043442]",64
Intercept,0.3832773,0.5709744,-0.7448694,1.5051765,"[-0.7448694, 1.5051765]",130
z_age_days,1.93e-4,0.0023973,-0.0043725,0.0050404,"[-0.0043725, 0.0050404]",130
Intercept,0.1004846,0.5697472,-1.0510391,1.1963742,"[-1.0510391, 1.1963742]",195
z_age_days,0.0012911,0.002377,-0.0033523,0.00604,"[-0.0033523, 0.00604]",195
Intercept,-0.3229805,0.5281957,-1.3638443,0.70045,"[-1.3638443, 0.70045]",175
z_age_days,0.0029289,0.0021544,-0.0012636,0.0071736,"[-0.0012636, 0.0071736]",175
Intercept,0.2991702,0.5765268,-0.7926459,1.4634662,"[-0.7926459, 1.4634662]",153
z_age_days,5.369e-4,0.0024203,-0.0044564,0.0050488,"[-0.0044564, 0.0050488]",153
Intercept,0.2775246,0.5309843,-0.7752402,1.3086791,"[-0.7752402, 1.3086791]",109
z_age_days,4.717e-4,0.0021962,-0.0039126,0.0046836,"[-0.0039126, 0.0046836]",109
Intercept,0.8029803,0.5506563,-0.2964003,1.8734044,"[-0.2964003, 1.8734044]",88
z_age_days,-0.001643,0.0022457,-0.0060647,0.0028011,"[-0.0060647, 0.0028011]",88
Intercept,0.8088182,0.5639891,-0.319376,1.8794928,"[-0.319376, 1.8794928]",65
z_age_days,-0.0017263,0.0022724,-0.0061714,0.0027274,"[-0.0061714, 0.0027274]",65
Intercept,1.0246428,0.5640288,-0.0656255,2.1306083,"[-0.0656255, 2.1306083]",43
z_age_days,-0.0024802,0.0023339,-0.0071868,0.0019766,"[-0.0071868, 0.0019766]",43
Intercept,-0.2392259,0.5980092,-1.4062268,0.9237488,"[-1.4062268, 0.9237488]",196
z_age_days,0.0026298,0.0024655,-0.0021062,0.0074957,"[-0.0021062, 0.0074957]",196
Intercept,0.4471175,0.5330923,-0.6052318,1.4951635,"[-0.6052318, 1.4951635]",154
z_age_days,-2.439e-4,0.0022068,-0.0047907,0.0039298,"[-0.0047907, 0.0039298]",154
Intercept,0.8980595,0.5727495,-0.2528707,1.9841293,"[-0.2528707, 1.9841293]",131
z_age_days,-0.0019399,0.0023542,-0.0066164,0.0025955,"[-0.0066164, 0.0025955]",131
Intercept,-0.6541677,0.5472831,-1.7163502,0.4393308,"[-1.7163502, 0.4393308]",110
z_age_days,0.0042867,0.0022828,-2.131e-4,0.0087769,"[-0.0002131, 0.0087769]",110
Intercept,0.7475571,0.5706275,-0.3388966,1.9004123,"[-0.3388966, 1.9004123]",89
z_age_days,-0.001357,0.0023598,-0.0060294,0.0032058,"[-0.0060294, 0.0032058]",89
Intercept,0.191975,0.5757037,-0.922115,1.326811,"[-0.922115, 1.326811]",176
z_age_days,8.023e-4,0.0023884,-0.0037923,0.0055844,"[-0.0037923, 0.0055844]",176
Intercept,-0.4515284,0.5494362,-1.5137055,0.6336963,"[-1.5137055, 0.6336963]",44
z_age_days,0.0034841,0.0022055,-8.884e-4,0.007683,"[-0.0008884, 0.007683]",44
Intercept,0.7703415,0.5584287,-0.3156364,1.854327,"[-0.3156364, 1.854327]",66
z_age_days,-0.0015441,0.0022913,-0.0060362,0.0028677,"[-0.0060362, 0.0028677]",66
Intercept,1.4901389,0.555134,0.4188665,2.575021,"[0.4188665, 2.575021]",90
z_age_days,-0.0045492,0.0022859,-0.0089762,-4.17e-5,"[-0.0089762, -4.17e-05]",90
Intercept,-0.2063206,0.5430697,-1.3040689,0.8217352,"[-1.3040689, 0.8217352]",111
z_age_days,0.0023123,0.0022103,-0.001981,0.0067132,"[-0.001981, 0.0067132]",111
Intercept,0.8616635,0.5666604,-0.2743434,1.9598003,"[-0.2743434, 1.9598003]",197
z_age_days,-0.001862,0.0023382,-0.0065014,0.0027183,"[-0.0065014, 0.0027183]",197
Intercept,1.4906829,0.6634325,0.1915726,2.7923413,"[0.1915726, 2.7923413]",155
z_age_days,-0.0043143,0.0026617,-0.0096744,8.104e-4,"[-0.0096744, 0.0008104]",155
Intercept,0.5371764,0.6018285,-0.6653937,1.7034704,"[-0.6653937, 1.7034704]",132
z_age_days,-5.493e-4,0.0025178,-0.0053669,0.0044858,"[-0.0053669, 0.0044858]",132
Intercept,-0.34138810000000003,0.5559162,-1.4276763,0.7452351,"[-1.4276763, 0.7452351]",67
z_age_days,0.0029632,0.002266,-0.0016161,0.0072467,"[-0.0016161, 0.0072467]",67
Intercept,0.8842876,0.5482506,-0.2062557,1.9488664,"[-0.2062557, 1.9488664]",177
z_age_days,-0.002177,0.0022734,-0.0067372,0.0022321,"[-0.0067372, 0.0022321]",177
Intercept,-0.3712803,0.5514782,-1.4492991,0.6938052,"[-1.4492991, 0.6938052]",45
z_age_days,0.0032883,0.0023022,-0.0012163,0.0077367,"[-0.0012163, 0.0077367]",45
Intercept,0.5473145,0.5340885,-0.4954722,1.5881331,"[-0.4954722, 1.5881331]",112
z_age_days,-7.649e-4,0.0021707,-0.0049905,0.0034643,"[-0.0049905, 0.0034643]",112
Intercept,0.355481,0.5298453,-0.6633939,1.4067292,"[-0.6633939, 1.4067292]",156
z_age_days,1.17e-5,0.0021711,-0.0042086,0.0042775,"[-0.0042086, 0.0042775]",156
Intercept,0.1798455,0.5321234,-0.8389846,1.227396,"[-0.8389846, 1.227396]",198
z_age_days,0.0010383,0.0021925,-0.0032842,0.0052592,"[-0.0032842, 0.0052592]",198
Intercept,0.1832866,0.5349588,-0.8812811,1.2356141,"[-0.8812811, 1.2356141]",178
z_age_days,8.24e-4,0.0021908,-0.0035007,0.0051505,"[-0.0035007, 0.0051505]",178
Intercept,0.1386519,0.5550499,-0.9425012,1.2191795,"[-0.9425012, 1.2191795]",68
z_age_days,0.0012081,0.0023248,-0.0032573,0.005839,"[-0.0032573, 0.005839]",68
Intercept,0.3467012,0.5925268,-0.8261809,1.486634,"[-0.8261809, 1.486634]",133
z_age_days,2.316e-4,0.0024579,-0.0044476,0.0051288,"[-0.0044476, 0.0051288]",133
Intercept,0.5859422,0.6373568,-0.7183102,1.8028428,"[-0.7183102, 1.8028428]",46
z_age_days,-7.36e-4,0.0026284,-0.006034,0.0043425,"[-0.006034, 0.0043425]",46
Intercept,1.2048989,0.5409828,0.1278815,2.2331904,"[0.1278815, 2.2331904]",199
z_age_days,-0.0033929,0.0021889,-0.0076371,9.028e-4,"[-0.0076371, 0.0009028]",199
Intercept,-0.4736546,0.5732713,-1.6258958,0.6253645,"[-1.6258958, 0.6253645]",134
z_age_days,0.0037707,0.0023778,-8.104e-4,0.0085865,"[-0.0008104, 0.0085865]",134
Intercept,-0.721616,0.5506183,-1.799916,0.3690547,"[-1.799916, 0.3690547]",200
z_age_days,0.004707,0.0022826,2.221e-4,0.0092087,"[0.0002221, 0.0092087]",200
Intercept,1.069029,0.5507245,0.0443045,2.1863643,"[0.0443045, 2.1863643]",206
z_age_days,-0.0026109,0.002287,-0.006913,0.0019463,"[-0.006913, 0.0019463]",206
Intercept,0.9347508,0.5762783,-0.209523,2.05923,"[-0.209523, 2.05923]",211
z_age_days,-0.0022315,0.0024066,-0.0070403,0.0024088,"[-0.0070403, 0.0024088]",211
Intercept,0.5396332,0.5373796,-0.5210952,1.5777049,"[-0.5210952, 1.5777049]",231
z_age_days,-6.088e-4,0.0021979,-0.0048656,0.0037127,"[-0.0048656, 0.0037127]",231
Intercept,0.1634657,0.5472022,-0.8976528,1.2316749,"[-0.8976528, 1.2316749]",221
z_age_days,9.525e-4,0.0022723,-0.0035172,0.0053455,"[-0.0035172, 0.0053455]",221
Intercept,1.105714,0.5664562,0.0036798,2.2176983,"[0.0036798, 2.2176983]",216
z_age_days,-0.0028039,0.0022856,-0.0072481,0.0016865,"[-0.0072481, 0.0016865]",216
Intercept,-0.3772749,0.545294,-1.4535795,0.6817013,"[-1.4535795, 0.6817013]",226
z_age_days,0.0032563,0.0022692,-0.001171,0.0076955,"[-0.001171, 0.0076955]",226
Intercept,0.206787,0.8583614,-1.4011282,1.9761021,"[-1.4011282, 1.9761021]",236
z_age_days,9.094e-4,0.0035239,-0.0066631,0.0072469,"[-0.0066631, 0.0072469]",236
Intercept,0.7671801,0.7800216,-0.7431696,2.3895739,"[-0.7431696, 2.3895739]",201
z_age_days,-0.0014964,0.0031686,-0.0081592,0.0045381,"[-0.0081592, 0.0045381]",201
Intercept,-0.8098735,0.5369284,-1.8680187,0.2495639,"[-1.8680187, 0.2495639]",207
z_age_days,0.0049305,0.0022352,3.284e-4,0.0091109,"[0.0003284, 0.0091109]",207
Intercept,0.7132111,0.6121716,-0.4820555,1.9241482,"[-0.4820555, 1.9241482]",212
z_age_days,-0.0012947,0.0025117,-0.0061684,0.0037072,"[-0.0061684, 0.0037072]",212
Intercept,-0.2198846,0.545166,-1.2892266,0.837963,"[-1.2892266, 0.837963]",222
z_age_days,0.0027357,0.002225,-0.0015843,0.0070649,"[-0.0015843, 0.0070649]",222
Intercept,0.7604983,0.5795745,-0.3551814,1.9092904,"[-0.3551814, 1.9092904]",217
z_age_days,-0.001324,0.00234,-0.0058047,0.0033584,"[-0.0058047, 0.0033584]",217
Intercept,1.3372007,0.6163998,0.099979,2.5092069,"[0.099979, 2.5092069]",227
z_age_days,-0.0037665,0.0025047,-0.0087405,0.0011329,"[-0.0087405, 0.0011329]",227
Intercept,0.0133795,0.562362,-1.0881387,1.1162161,"[-1.0881387, 1.1162161]",232
z_age_days,0.0016738,0.0023585,-0.0030996,0.0061541,"[-0.0030996, 0.0061541]",232
Intercept,0.8439657,0.5113513,-0.1836286,1.8117347,"[-0.1836286, 1.8117347]",237
z_age_days,-0.0019243,0.0020777,-0.0059717,0.0021477000000000002,"[-0.0059717, 0.0021477]",237
Intercept,0.1778752,0.546218,-0.8923217,1.248023,"[-0.8923217, 1.248023]",202
z_age_days,7.451e-4,0.0022728,-0.0035748,0.0053339,"[-0.0035748, 0.0053339]",202
Intercept,0.03092,0.6099362,-1.1809232,1.2178845,"[-1.1809232, 1.2178845]",208
z_age_days,0.0017631,0.0025125,-0.0031226,0.0067705,"[-0.0031226, 0.0067705]",208
Intercept,-0.1149314,0.5361782,-1.1824446,0.9062497,"[-1.1824446, 0.9062497]",213
z_age_days,0.0021618,0.0022257,-0.0022057,0.006519,"[-0.0022057, 0.006519]",213
Intercept,-0.4734153,0.5522571,-1.5563023,0.6055823,"[-1.5563023, 0.6055823]",218
z_age_days,0.0035595,0.0022944,-8.455e-4,0.0081483,"[-0.0008455, 0.0081483]",218
Intercept,-0.8486922,0.5575805,-1.8944248,0.2773887,"[-1.8944248, 0.2773887]",228
z_age_days,0.0049884,0.0023495,4.047e-4,0.0095524,"[0.0004047, 0.0095524]",228
Intercept,0.1022312,0.5588538,-0.9601433,1.2378037,"[-0.9601433, 1.2378037]",223
z_age_days,9.658e-4,0.0022772,-0.0033982,0.0055105,"[-0.0033982, 0.0055105]",223
Intercept,0.7895069,0.5446623,-0.2861293,1.8664048,"[-0.2861293, 1.8664048]",238
z_age_days,-0.0018073,0.0022877,-0.0063304,0.0027284,"[-0.0063304, 0.0027284]",238
Intercept,0.3824231,0.5580752,-0.7328092,1.4694381,"[-0.7328092, 1.4694381]",233
z_age_days,-7.8e-5,0.0022991,-0.0045108,0.0045484,"[-0.0045108, 0.0045484]",233
Intercept,0.0946939,0.5512364,-0.9899093,1.179987,"[-0.9899093, 1.179987]",203
z_age_days,0.0011024,0.00229,-0.0033714,0.0056563,"[-0.0033714, 0.0056563]",203
Intercept,0.1992862,0.5578444,-0.894427,1.2856755,"[-0.894427, 1.2856755]",209
z_age_days,7.102e-4,0.0022778,-0.003654,0.0052407,"[-0.003654, 0.0052407]",209
Intercept,0.013529,0.5496126,-1.0627982,1.0797185,"[-1.0627982, 1.0797185]",214
z_age_days,0.00146,0.002276,-0.0029976,0.0059199,"[-0.0029976, 0.0059199]",214
Intercept,-0.1516113,0.5434903,-1.2419407,0.8851381,"[-1.2419407, 0.8851381]",224
z_age_days,0.0022526,0.0022532,-0.0021455,0.006674,"[-0.0021455, 0.006674]",224
Intercept,-0.4745819,0.6284036,-1.7420441,0.7384734,"[-1.7420441, 0.7384734]",219
z_age_days,0.0036473,0.0026063,-0.0015287,0.008791,"[-0.0015287, 0.008791]",219
Intercept,1.1290229,0.5722207,0.01598,2.2509724,"[0.01598, 2.2509724]",229
z_age_days,-0.0028013,0.0023267,-0.0074341,0.0016818,"[-0.0074341, 0.0016818]",229
Intercept,-0.1690133,0.5493855,-1.2284014,0.9078013,"[-1.2284014, 0.9078013]",234
z_age_days,0.00226,0.0022448,-0.0021331,0.0065629,"[-0.0021331, 0.0065629]",234
Intercept,0.4931581,0.58651470000000006,-0.6383707,1.6683491,"[-0.6383707, 1.6683491]",239
z_age_days,-4.649e-4,0.0024184,-0.0053179,0.004148,"[-0.0053179, 0.004148]",239
Intercept,0.2261064,0.5611125,-0.8849457,1.2970734,"[-0.8849457, 1.2970734]",204
z_age_days,7.323e-4,0.0023449,-0.0036151,0.005492,"[-0.0036151, 0.005492]",204
Intercept,0.161245,0.5555506,-0.9378941,1.2402861,"[-0.9378941, 1.2402861]",215
z_age_days,0.0010619,0.0023044,-0.0034669,0.005551,"[-0.0034669, 0.005551]",215
Intercept,-0.5905896,0.5696767,-1.7136587,0.5128869,"[-1.7136587, 0.5128869]",210
z_age_days,0.003961,0.0023469,-6.852e-4,0.0085014,"[-0.0006852, 0.0085014]",210
Intercept,-0.6856576,0.5077786,-1.6700297,0.3209259,"[-1.6700297, 0.3209259]",225
z_age_days,0.004468,0.0021014,2.984e-4,0.0085448,"[0.0002984, 0.0085448]",225
Intercept,0.6274633,0.6463083,-0.6645385,1.8896871,"[-0.6645385, 1.8896871]",230
z_age_days,-8.169e-4,0.0026479,-0.0060682,0.004367,"[-0.0060682, 0.004367]",230
Intercept,-0.1608868,0.5552851,-1.2537301,0.9065311,"[-1.2537301, 0.9065311]",220
z_age_days,0.0021263,0.002273,-0.002228,0.0066327,"[-0.002228, 0.0066327]",220
Intercept,-0.1177815,0.567527,-1.2242869,1.008645,"[-1.2242869, 1.008645]",240
z_age_days,0.0020138,0.0023571,-0.0025699,0.0066911,"[-0.0025699, 0.0066911]",240
Intercept,-0.1249646,0.6004401,-1.3069456,1.0525304,"[-1.3069456, 1.0525304]",235
z_age_days,0.002246,0.0025088,-0.0027548,0.007112,"[-0.0027548, 0.007112]",235
Intercept,0.0966946,0.549327,-0.9531436,1.2025714,"[-0.9531436, 1.2025714]",205
z_age_days,0.0010984,0.0022706,-0.0034094,0.0054564,"[-0.0034094, 0.0054564]",205
